;0;1;2
0;0.0;0.0;0.0
1;1.0;0.0;0.0
2;1.0;1.0;0.0
3;0.0;1.0;0.0
4;0.5;0.5;0.0
5;0.0;0.5;0.0
6;0.5;0.0;0.0
7;1.0;0.5;0.0
8;0.5;1.0;0.0
9;0.75;0.25;0.0
10;0.25;0.75;0.0
11;0.75;0.75;0.0
12;0.5;0.25;0.0
13;0.75;0.0;0.0
14;1.0;0.25;0.0
15;0.875;0.375;0.0
16;0.875;0.125;0.0
17;0.875;0.25;0.0
18;1.0;0.375;0.0
19;0.9375;0.4375;0.0
20;0.9375;0.375;0.0
21;1.0;0.4375;0.0
22;0.96875;0.46875;0.0
23;1.0;0.75;0.0
24;0.8689419104900497;0.5373080895099505;0.0
25;0.9124835126521668;0.49376648734783324;0.0
26;0.9358078450347164;0.4704421549652837;0.0
27;1.0;0.625;0.0
28;0.9550434902001846;0.5137065097998154;0.0
29;1.0;0.5625;0.0
30;0.9162636337310273;0.5410882105888108;0.0
31;1.0;0.53125;0.0
32;0.8942132083905895;0.5190377852483731;0.0
33;0.8323599383514748;0.46009562751696126;0.0
34;0.8701293886355796;0.48238592921610146;0.0
35;0.8985311981463879;0.4520128098039651;0.0
36;0.8289780392538226;0.5089701087527955;0.0
37;0.9043737507903263;0.40812624920967366;0.0
38;0.9567354451528112;0.5572549797190991;0.0
39;1.0;0.59375;0.0
40;0.9497951890346423;0.609375;0.0
41;0.9243962883038767;0.5794708153445643;0.0
42;0.8565380857549996;0.6628439615497987;0.0
43;0.8982045213149825;0.6274548789586273;0.0
44;0.9205243658760232;0.608497682069163;0.0
45;0.8585536313379546;0.5096095659236918;0.0
46;0.6990080342865328;0.47542250927243757;0.0
47;0.8616238603511023;0.42476720525164774;0.0
48;0.90625;0.37687624920967366;0.0
49;0.8944338233968961;0.3125;0.0
50;0.9197844885563133;0.341119464973492;0.0
51;0.8871355329078209;0.344502048919151;0.0
52;0.798910590591216;0.3270596115626144;0.0
53;0.8464607772343645;0.3183926496700187;0.0
54;1.0;0.3125;0.0
55;0.9643754785361485;0.33937547853614847;0.0
56;0.9356237507903263;0.40625;0.0
57;0.7988790638167875;0.5937661172648213;0.0
58;0.7671063772577505;0.4801346150344342;0.0
59;0.8151733873052134;0.3856013344820035;0.0
60;0.8120979047631156;0.26463762383130734;0.0
61;0.8669263663868175;0.2867818130515313;0.0
62;0.8344683176707033;0.28819808609627473;0.0
63;0.9484748828372364;0.28125;0.0
64;0.9280422463044011;0.30826753527434814;0.0
65;0.9067079531923439;0.27441207973270104;0.0
66;1.0;0.125;0.0
67;0.9390799959973408;0.207657272176807;0.0
68;0.9328269717903913;0.24585157861943463;0.0
69;0.9019958596627413;0.22119501442552794;0.0
70;1.0;0.1875;0.0
71;0.9661444998369828;0.2522813275780747;0.0
72;1.0;0.28125;0.0
73;1.0;0.21875;0.0
74;0.837177171065393;0.1875;0.0
75;0.9038753296406229;0.16878204315563428;0.0
76;0.8648584850903683;0.21344276142810392;0.0
77;0.839553250415114;0.2401481270744509;0.0
78;0.8708533497069652;0.17930658279592962;0.0
79;1.0;0.34375;0.0
80;0.96875;0.37062547853614847;0.0
81;0.8259238787311863;0.5556259438308432;0.0
82;0.8035852459095675;0.4826587922708465;0.0
83;0.8277616170332023;0.3505745935788602;0.0
84;0.8475688787136207;0.39430840603409106;0.0
85;0.8224484383350382;0.4231526080892448;0.0
86;0.7878688766145352;0.4449339083569567;0.0
87;0.7358129452616241;0.43795320542914534;0.0
88;0.9680094115720698;0.30714379896117106;0.0
89;0.9682097085386283;0.22050943503363843;0.0
90;0.9375;0.11519273452715864;0.0
91;1.0;0.40625;0.0
92;0.9678118753951632;0.41999875079032634;0.0
93;0.865257600610467;0.5883269286099375;0.0
94;0.8921830089190782;0.5662433979127789;0.0
95;0.7659074704593765;0.5417276003219529;0.0
96;0.7832795698135253;0.5112575870519122;0.0
97;0.7979669918561836;0.5398186880790812;0.0
98;0.7334279075318019;0.47242125974036886;0.0
99;0.7424378533174422;0.5104626034781196;0.0
100;0.6699491729977617;0.5893189380799952;0.0
101;0.713511670731331;0.5566179866402734;0.0
102;0.6164734734759857;0.3575406216700917;0.0
103;0.7674534900129383;0.39958988770600995;0.0
104;0.7933020092333337;0.41521987786360076;0.0
105;0.9513117320010688;0.16120249331597114;0.0
106;0.9084834647212073;0.13432985013013568;0.0
107;0.8539921668155191;0.5618709485437734;0.0
108;0.8607389973165904;0.6255668579349575;0.0
109;0.8146044277192204;0.6392430226495459;0.0
110;0.8330737105449438;0.6033159158176844;0.0
111;0.6686806261555415;0.4088220549913578;0.0
112;0.7635619103460425;0.42860985977604715;0.0
113;0.7826676104014929;0.36310163628105324;0.0
114;0.7135324317810766;0.3556910330202417;0.0
115;0.7470013366121075;0.3696462083845538;0.0
116;0.7149254853304835;0.3994621259949042;0.0
117;0.7486096394875031;0.31867691761421146;0.0
118;0.7411636797509573;0.41013668645437007;0.0
119;0.6866041600056189;0.3784557630293148;0.0
120;0.6489437577850009;0.3766997001726454;0.0
121;0.5941288263786194;0.4325041367437581;0.0
122;0.6641865113757104;0.31377228074224084;0.0
123;0.6807737583372064;0.3442499974886651;0.0
124;0.6469699507848061;0.3428948472275235;0.0
125;0.7067384155648374;0.31036635127540557;0.0
126;0.607586724593542;0.2999621400688315;0.0
127;0.6146080428495726;0.3977965185694767;0.0
128;0.6801439438547414;0.2456225092526001;0.0
129;0.7337273529675549;0.2840230938279723;0.0
130;0.6354860722458352;0.43351127751854956;0.0
131;0.5344792385121118;0.373912234948371;0.0
132;0.6830758442742669;0.2822521420616524;0.0
133;0.6425865965446121;0.2794078697001613;0.0
134;0.7750255283689303;0.28287227708149537;0.0
135;0.7146834238293723;0.25401171039311754;0.0
136;0.7200130076989899;0.15677262552425103;0.0
137;0.7271074909757235;0.2059270647629553;0.0
138;0.6717617805077734;0.44762423283737873;0.0
139;0.6126824065703456;0.5202704983457612;0.0
140;0.5775089294612351;0.37590620128682345;0.0
141;0.5814618933645965;0.21540062316402547;0.0
142;0.7020611408169508;0.4313559592623795;0.0
143;0.6138045933612011;0.47418900092256033;0.0
144;0.5542063634447947;0.4134881353926739;0.0
145;0.5583353757709909;0.3243842619244597;0.0
146;0.6044848221956748;0.2546041339952625;0.0
147;0.6561842566072106;0.49014415061246;0.0
148;0.5860053245698588;0.3434156971075994;0.0
149;0.5569524591472689;0.3542275314820326;0.0
150;0.9300626604432242;0.1804452474660888;0.0
151;0.9669726252719041;0.13142326779600816;0.0
152;1.0;0.0625;0.0
153;1.0;0.15625;0.0
154;1.0;0.09375;0.0
155;0.9680110001329831;0.1885052606733626;0.0
156;0.8039410351287185;0.7072434128794338;0.0
157;0.7326696248904674;0.6421178135578686;0.0
158;0.8038222633264939;0.2958555575493281;0.0
159;0.7757313286613399;0.31103985708307924;0.0
160;0.6723262350283135;0.1887444744658971;0.0
161;0.7782488275089314;0.17345661699827888;0.0
162;0.7958559555416533;0.21879372310841808;0.0
163;0.558900841226773;0.4959063852205258;0.0
164;0.47870440933639297;0.42641849954281597;0.0
165;0.5669844813515618;0.27995374156064257;0.0
166;0.6411141887755119;0.2400031639014702;0.0
167;0.6640785079784928;0.21885437613925496;0.0
168;0.623835427437704;0.19164639841267653;0.0
169;0.6421436923597733;0.46317687340050356;0.0
170;0.6900193632710047;0.5189212242080926;0.0
171;0.8219573805775432;0.6752323444936168;0.0
172;0.7734761650838822;0.6690218137343756;0.0
173;0.7038381513790412;0.18419634479479233;0.0
174;0.7453819983936446;0.17820030186436644;0.0
175;0.7620920289530432;0.20909944005969217;0.0
176;0.7829727980085948;0.24915718787725227;0.0
177;0.8057110308960694;0.1888788969559973;0.0
178;0.8187481230403555;0.1335020690570062;0.0
179;0.8250575551106198;0.21442465557139326;0.0
180;0.5909566951439295;0.49668701644665686;0.0
181;0.5757210070751438;0.46376418961885113;0.0
182;0.5145063334373117;0.4085725624538236;0.0
183;0.515604714312236;0.4556113794398948;0.0
184;0.5445461109101736;0.4679223509494357;0.0
185;0.4670070907484779;0.3581164470281988;0.0
186;0.4983621932409552;0.37618472655020735;0.0
187;0.5067881407984194;0.3253221617586503;0.0
188;0.5721734417024588;0.24721748323213832;0.0
189;0.53646174805645;0.25833626759019734;0.0
190;0.5107244027649309;0.28700046085679887;0.0
191;0.45285083211741317;0.300418913379325;0.0
192;0.4777951861772376;0.27649039507072753;0.0
193;0.4008629579917046;0.22125808492627128;0.0
194;0.45151066979140164;0.23190668148061602;0.0
195;0.6133712639835138;0.22265082868677674;0.0
196;0.5474966439497044;0.10514160724198449;0.0
197;0.7140529915579659;0.5012095095747279;0.0
198;0.6769273293482255;0.5532485564919298;0.0
199;0.6312704922518578;0.5631259956419458;0.0
200;0.7618473780368048;0.709542592425962;0.0
201;0.676413742919417;0.7064879361163955;0.0
202;0.7187419818116102;0.7188831605723935;0.0
203;0.75;1.0;0.0
204;0.7079463536977234;0.677278365552393;0.0
205;0.6732178332020615;0.7958721931293895;0.0
206;0.6524974900106452;0.6490446345078995;0.0
207;0.7408349378166322;0.6741316887534939;0.0
208;0.6861862375897052;0.7515866119429093;0.0
209;0.6920888773571342;0.6398557174176132;0.0
210;0.6750263447883256;0.6733652114718438;0.0
211;0.7180931187948526;0.7507933059714547;0.0
212;0.7356056240734052;0.813102460325592;0.0
213;0.7347756340496281;0.7797201412166685;0.0
214;0.8007960781539317;0.7947801418311401;0.0
215;0.7064447769469046;0.7971260135627207;0.0
216;0.7658700939461673;0.7956485122510758;0.0
217;0.6871747448509876;0.8668994372011607;0.0
218;0.7850396730367883;0.8638535031111878;0.0
219;0.6885769958850362;0.8297389994017126;0.0
220;0.7667786195484242;0.8321895437144933;0.0
221;0.7362784106817213;0.8708771294887231;0.0
222;0.6668072303699417;0.6208133860686711;0.0
223;0.6155722655833343;0.6125858712593245;0.0
224;0.7145930774563303;0.6012719514777219;0.0
225;0.6091413575770459;0.8453481674066035;0.0
226;0.6470174065333678;0.8281707461572937;0.0
227;0.6438824394128174;0.87160504655058;0.0
228;0.5916843347102674;0.7565087267685613;0.0
229;0.625;1.0;0.0
230;0.6278064764282187;0.7858108296949585;0.0
231;0.5747091549786278;0.9270180106217679;0.0
232;0.6875;1.0;0.0
233;0.6022741058630581;0.8905461889241502;0.0
234;0.6725104042337574;0.9334859509623915;0.0
235;0.6686230617164386;0.8977218220035524;0.0
236;0.7130400870225669;0.9109872921509281;0.0
237;0.6326812657184211;0.9197218055248384;0.0
238;0.6407103921792792;0.9609966380134077;0.0
239;0.6745459545669175;0.9679732706616244;0.0
240;0.71875;0.9687269576671486;0.0
241;0.65625;1.0;0.0
242;0.5625;1.0;0.0
243;0.6065709774837444;0.9462193604406703;0.0
244;0.5739008171734479;0.9643950131007297;0.0
245;0.59375;1.0;0.0
246;0.53125;1.0;0.0
247;0.515625;0.941265183429626;0.0
248;0.547817637704792;0.945133680343807;0.0
249;0.772136952402371;0.6266544768910296;0.0
250;0.7557084759358497;0.5859797663204009;0.0
251;0.47669884221294073;0.4668713227882823;0.0
252;0.3991054403365413;0.5462056918476927;0.0
253;0.4452646622024552;0.5137394600947055;0.0
254;0.4699911991202247;0.4963479737227502;0.0
255;0.38935357100562923;0.4422647977432901;0.0
256;0.4358429166402314;0.4445696431339271;0.0
257;0.5406592205493206;0.2978862149355418;0.0
258;0.4738227068520897;0.32585880912957493;0.0
259;0.4177233870059551;0.26683681518910085;0.0
260;0.576351533778139;0.156613868286896;0.0
261;0.25;0.0;0.0
262;0.64808203256225;0.5303752465156256;0.0
263;0.7194356847460739;0.8421820113180473;0.0
264;0.6393155001955024;0.5929006189740639;0.0
265;0.5611361623428082;0.5680870311700653;0.0
266;0.5740699906607359;0.5315615556778452;0.0
267;0.5957930554715434;0.5598064864924255;0.0
268;0.528438295539142;0.5359558756620072;0.0
269;0.5841703819045316;0.6813177257522083;0.0
270;0.6308541296545559;0.6916883598038646;0.0
271;0.5827877611985509;0.8043917907185852;0.0
272;0.6558509980712247;0.7667449645135682;0.0
273;0.7106006815685687;0.8827872042919024;0.0
274;0.7032507780779148;0.9411075245198192;0.0
275;0.875;1.0;0.0
276;0.5280338836170975;0.863088883924149;0.0
277;0.5394780719367482;0.9037369677851317;0.0
278;0.5660805963073683;0.874312151926687;0.0
279;0.5569472455781039;0.8351735450252681;0.0
280;0.4672905814543979;0.7712426980588044;0.0
281;0.526349833933363;0.7832506688795131;0.0
282;0.5508303114155703;0.8038014196415527;0.0
283;0.7426953897214202;0.5596791952365238;0.0
284;0.4106243445202223;0.48323129530205594;0.0
285;0.4153292817812271;0.3883314571591096;0.0
286;0.4236298447649448;0.23874404551680672;0.0
287;0.44909163002238317;0.2633727671213396;0.0
288;0.28651050595592853;0.28946706621393614;0.0
289;0.5921822494100613;0.18485319730111027;0.0
290;0.5011104462894911;0.17300271202992878;0.0
291;0.5278956515064506;0.21189565661993054;0.0
292;0.5552534831417029;0.1869981904454481;0.0
293;0.625;0.0;0.0
294;0.5299760014097892;0.5055154945630452;0.0
295;0.4706204281057112;0.6274963666776309;0.0
296;0.4818475454689604;0.543581352470494;0.0
297;0.6124347637514082;0.6526917233867573;0.0
298;0.6005936291861409;0.7176474662582426;0.0
299;0.5403566426300787;0.724289492103457;0.0
300;0.638242950971669;0.7309183687786197;0.0
301;0.5692586154022893;0.7099357715308064;0.0
302;0.5327634677359067;0.6727255514163363;0.0
303;0.5640553151821356;0.6287313234988119;0.0
304;0.5930547836854005;0.6309999671188198;0.0
305;0.5834727585591863;0.5963080093451291;0.0
306;0.6130470496096858;0.8138781607219131;0.0
307;0.7828913483013797;0.935882877928767;0.0
308;0.443156535783551;0.47689596200048356;0.0
309;0.41242922000937265;0.5161021156403318;0.0
310;0.3431128997154445;0.5034231842709382;0.0
311;0.37929402150262836;0.5014365462980608;0.0
312;0.3592907377487736;0.46759490305327633;0.0
313;0.25468548578061767;0.4419282312705161;0.0
314;0.3221422305477705;0.39300052439500105;0.0
315;0.30460615032243815;0.4644693188702084;0.0
316;0.34976921615840095;0.42578939169886076;0.0
317;0.33134761399655666;0.47654411155886184;0.0
318;0.31308612889841964;0.4286642408515138;0.0
319;0.36830834440177473;0.382135541370677;0.0
320;0.37861443786270654;0.4122759514540644;0.0
321;0.4460482288043477;0.4089867131175453;0.0
322;0.4137206175054982;0.4207786442147783;0.0
323;0.35001677604100295;0.2659749032564605;0.0
324;0.4868189745168611;0.2113032533710597;0.0
325;0.44029216320811865;0.1721255975423746;0.0
326;0.4705448282936751;0.18341408313494642;0.0
327;0.4712376396719093;0.13537520209794549;0.0
328;0.6435910948988186;0.11517247074254641;0.0
329;0.44084468372128227;0.5565021135175162;0.0
330;0.47236896656222244;0.5850217526404741;0.0
331;0.4046649271450218;0.6134175464089258;0.0
332;0.5176016455206947;0.6081571292199986;0.0
333;0.4131855674575426;0.5788768980941371;0.0
334;0.4404945653167287;0.6039348816280937;0.0
335;0.3575654641033698;0.5834775631539315;0.0
336;0.507897730527979;0.5713439667808677;0.0
337;0.6218484907312318;0.7562397105989367;0.0
338;0.477735912212527;0.7071698155959084;0.0
339;0.5613260236530265;0.6599156718577683;0.0
340;0.7561133967689581;0.962641099162303;0.0
341;0.7468428064802296;0.9265857143541698;0.0
342;0.8125;1.0;0.0
343;0.7730406456207152;0.8995423490438594;0.0
344;0.78125;1.0;0.0
345;0.796875;0.9683204181559143;0.0
346;0.8614471880555875;0.9212507808806011;0.0
347;0.8238273265052501;0.9374685038394451;0.0
348;0.816512507886056;0.8942965889351568;0.0
349;0.8569520142566253;0.9625652395291338;0.0
350;0.8387856694370088;0.8397797784965484;0.0
351;0.8031706004039783;0.8322994570262118;0.0
352;0.9375;1.0;0.0
353;1.0;0.875;0.0
354;0.84375;1.0;0.0
355;0.8167330249759968;0.8625783620936354;0.0
356;0.9128142795313203;0.9477414957534094;0.0
357;0.8888858695052521;0.9702373542316548;0.0
358;0.3320733515230634;0.3316844874426053;0.0
359;0.3952931786871576;0.3254621952908248;0.0
360;0.38403576657619676;0.25339063924235616;0.0
361;0.3891473855227967;0.289507185089586;0.0
362;0.41965760816739134;0.3027948255505087;0.0
363;0.3621141441758823;0.3126307350850435;0.0
364;0.4318268610883469;0.34030312279808494;0.0
365;0.3678353476195111;0.34714928071048395;0.0
366;0.39933266865558925;0.3588021623555885;0.0
367;0.33919395743810987;0.36430005547090244;0.0
368;0.4307541891989373;0.20485866524034152;0.0
369;0.5140463482351729;0.13206089208280625;0.0
370;0.5411264551840449;0.15467164608767944;0.0
371;0.4875617849261661;0.0681004112325478;0.0
372;0.49037216992480165;0.1044002600118133;0.0
373;0.375;0.0;0.0
374;0.5192051446257339;0.08390925447876935;0.0
375;0.4333261898653538;0.09055812311799452;0.0
376;0.5625;0.0;0.0
377;0.46410681991987296;0.08817504374265608;0.0
378;0.4375;0.0;0.0
379;0.44753541486241943;0.04507363940944273;0.0
380;0.5217881390499934;0.03916559552903551;0.0
381;0.6460704189995718;0.156601684646588;0.0
382;0.6112077070015377;0.13789924327099212;0.0
383;0.6830950929363567;0.13359715516231674;0.0
384;0.5796503101454432;0.12094057643192249;0.0
385;0.5907773958798767;0.057676357920837175;0.0
386;0.5760285087499126;0.08769292342167485;0.0
387;0.553689818651996;0.05808484727852434;0.0
388;0.6151565101158191;0.08828701330004839;0.0
389;0.5500740297050183;0.027825834333406005;0.0
390;0.6875;0.0;0.0
391;0.742578141159911;0.07983459258122165;0.0
392;0.6368311607689073;0.04601135846347719;0.0
393;0.7204295499449976;0.1151167158699736;0.0
394;0.6874903535394276;0.06984588731618466;0.0
395;0.7700784473823379;0.1216911210844337;0.0
396;0.6907438944459334;0.1020973462049459;0.0
397;0.7429012570672722;0.13617146130512212;0.0
398;0.5317712479843891;0.6388941975574515;0.0
399;0.4967867760404712;0.6568504634690452;0.0
400;0.5043250083404998;0.6884704282605018;0.0
401;0.5494210723257318;0.5990433485558212;0.0
402;0.856375156978702;0.8787743868283316;0.0
403;0.9267858909523404;0.8235494827807678;0.0
404;0.9079331743343797;0.8941589533329539;0.0
405;0.8847834135736045;0.8424957444353912;0.0
406;0.8788215757736858;0.8976351178213038;0.0
407;0.4298578598652029;0.13193551223583366;0.0
408;0.38207253779220873;0.1657912594199933;0.0
409;0.41238313214068867;0.15792190722718683;0.0
410;0.46875;0.0;0.0
411;0.484375;0.03233226425146074;0.0
412;0.3924461896890814;0.052825622997575865;0.0
413;0.6079927939335781;0.028899944926739002;0.0
414;0.65625;0.0;0.0
415;0.7901787047389838;0.1450461392238459;0.0
416;0.8742877435231684;0.7631962689201345;0.0
417;0.8551884107550352;0.7150107831641802;0.0
418;0.9174471977722007;0.8588776246313385;0.0
419;1.0;0.8125;0.0
420;0.9546433156764472;0.8878314416669651;0.0
421;0.40625;0.0;0.0
422;0.4218278233100399;0.062004362841621904;0.0
423;0.8914607854361323;0.801267647729438;0.0
424;0.8484725622837022;0.7977497013686486;0.0
425;0.9372595497528844;0.7577001233176046;0.0
426;0.9067355145411446;0.7714687482646974;0.0
427;0.9032077861107229;0.7229289420991308;0.0
428;0.8268543252109292;0.7541195495029599;0.0
429;0.966840909629233;0.8443682868562321;0.0
430;1.0;0.9375;0.0
431;0.9350416497651493;0.9187030985037031;0.0
432;0.9700716780222098;0.9192863085232275;0.0
433;0.9636060667516411;0.9636060667516411;0.0
434;0.8766571849265478;0.7343791364804406;0.0
435;0.8840317844164022;0.689656156819337;0.0
436;0.8881912442218269;0.6578886134850472;0.0
437;0.9376230285256584;0.6572884635354825;0.0
438;0.9210884865037408;0.6904615976139632;0.0
439;1.0;0.6875;0.0
440;0.9605610547722504;0.6894287403204086;0.0
441;1.0;0.65625;0.0
442;1.0;0.71875;0.0
443;0.9623829499716714;0.7281627416002913;0.0
444;0.9334261767265901;0.7184136986877956;0.0
445;0.9688529073372699;0.6592555729202255;0.0
446;0.8255260226288884;0.7819485776218518;0.0
447;0.7881103666746827;0.757969920380831;0.0
448;0.7840119858522095;0.7288574406491299;0.0
449;0.8274973600261692;0.724767097148055;0.0
450;1.0;0.84375;0.0
451;1.0;0.96875;0.0
452;0.96875;1.0;0.0
453;0.9338019312744683;0.9697871463696758;0.0
454;0.9709493474533183;0.6298736438395386;0.0
455;0.9699082339216324;0.5855311460451482;0.0
456;0.8500718125695562;0.15040817843913548;0.0
457;0.875;0.0;0.0
458;0.25;1.0;0.0
459;0.48731205799356375;0.8240109721356812;0.0
460;0.5227770445123123;0.8255536454045418;0.0
461;0.5544772877842189;0.7587883066609736;0.0
462;0.5030568300754169;0.7465728701041301;0.0
463;0.47146688738185144;0.7390356765421585;0.0
464;0.38261756401221425;0.7438888085577052;0.0
465;0.4255118819311887;0.7134452820216338;0.0
466;0.5111040192976409;0.7176834518899529;0.0
467;0.35791492703227645;0.542082691573088;0.0
468;0.24838327160855353;0.5618569166013169;0.0
469;0.3012778151894735;0.5416045509186171;0.0
470;0.30328162744086484;0.5030515903418327;0.0
471;0.3296902284777491;0.5307259508799977;0.0
472;0.2699100293401347;0.35307840603327356;0.0
473;0.30520870237405756;0.354634623775953;0.0
474;0.2888732112816962;0.32405541523316145;0.0
475;0.0;0.25;0.0
476;0.23610640297818186;0.3102850062177192;0.0
477;0.3243897214724231;0.29428159355807537;0.0
478;0.6520420155417669;0.07943554191078123;0.0
479;0.6729855898868671;0.034920939729684145;0.0
480;0.71875;0.033465462022209964;0.0
481;0.71875;0.0;0.0
482;0.7606310647052824;0.04125060623110143;0.0
483;0.8125;0.0;0.0
484;0.78125;0.0;0.0
485;0.717065462620721;0.06363807185041734;0.0
486;0.8067877698500772;0.07660473944653855;0.0
487;0.7743285890235878;0.07117484408467091;0.0
488;0.7991913931699342;0.10790732329139512;0.0
489;0.3451777108740816;0.20920628435621355;0.0
490;0.37729216823923356;0.10839315210145742;0.0
491;0.40843808160049555;0.1093060109281283;0.0
492;0.3125;0.0;0.0
493;0.375;1.0;0.0
494;0.4939617614330862;0.7913054867369567;0.0
495;0.46072077774671255;0.8924772870127913;0.0
496;0.5008767767823231;0.8926698386594042;0.0
497;0.48095047642305344;0.8609372129475651;0.0
498;0.39854296502694087;0.8303389768138475;0.0
499;0.44351937017875004;0.8354775532241534;0.0
500;0.4162445651316076;0.8748039487370184;0.0
501;0.4256644951854552;0.7923541500430004;0.0
502;0.4588402161098347;0.8046313953062663;0.0
503;0.44550261073547504;0.8659744414108899;0.0
504;0.4375;1.0;0.0
505;0.30110394857585315;0.8948856652940567;0.0
506;0.3807111156807565;0.7889319360291573;0.0
507;0.4318149077098296;0.7528876732810149;0.0
508;0.41641419033860816;0.9391775199703098;0.0
509;0.3565740251658503;0.872802909562917;0.0
510;0.3170798344263215;0.763676836024789;0.0
511;0.40374876891227046;0.7673450947540408;0.0
512;0.42921762200576896;0.9069567736604728;0.0
513;0.38445865890802433;0.9078252778169323;0.0
514;0.38684699982237136;0.8607511738219303;0.0
515;0.3516681297459805;0.82598237623218;0.0
516;0.3532988868370636;0.7652098057787031;0.0
517;0.33389193620276;0.7950972090626193;0.0
518;0.3373873894751241;0.7125111013146993;0.0
519;0.295487515143449;0.8377593620119846;0.0
520;0.37143444274925913;0.9530614456294114;0.0
521;0.34082561027803493;0.9139537052270229;0.0
522;0.3125;1.0;0.0
523;0.2999555755335017;0.9481850902324843;0.0
524;0.31262345642173645;0.9217959447883296;0.0
525;0.3278283800377043;0.8521476141604526;0.0
526;0.40625;1.0;0.0
527;0.34375;1.0;0.0
528;0.335775843281685;0.9494383803846108;0.0
529;0.4006158180776881;0.9677979372494282;0.0
530;0.4467542038677738;0.6697822733793015;0.0
531;0.4303719079556797;0.6381183952648102;0.0
532;0.37753305307125795;0.6673820466675586;0.0
533;0.412177627081801;0.6676016596997112;0.0
534;0.4754460327082482;0.6775368726997409;0.0
535;0.45019993239835754;0.6984574058578684;0.0
536;0.2961131110417175;0.6073159290565601;0.0
537;0.18619105812943673;0.3844623277713441;0.0
538;0.8000552127901459;0.03758736563262963;0.0
539;0.84375;0.0;0.0
540;0.859375;0.054758767643665045;0.0
541;0.8277693665514523;0.05289475851951724;0.0
542;0.8422791433578535;0.0988498734259943;0.0
543;0.37663058818467626;0.19855103636329624;0.0
544;0.40531863976321986;0.18775054786898596;0.0
545;0.30476913594385524;0.2412413432388504;0.0
546;0.3355890340133723;0.2386141964439225;0.0
547;0.23804376334502036;0.24354789390936415;0.0
548;0.2718892738093629;0.25636206473351514;0.0
549;0.24467516658917562;0.2771370784351922;0.0
550;0.1676219461158857;0.2749002442312716;0.0
551;0.20640328907882696;0.2672437700665179;0.0
552;0.17020454630812262;0.18593626931619095;0.0
553;0.1975632902916611;0.22246767373548632;0.0
554;0.26834364342411277;0.15379180188259342;0.0
555;0.14962564673924486;0.2298583429641956;0.0
556;0.2989237836918561;0.19236516283420058;0.0
557;0.267516831409558;0.2168063854617373;0.0
558;0.22133456920820083;0.17615479440510037;0.0
559;0.2334845036793487;0.20891034233444072;0.0
560;0.2569283507766344;0.18515473832551035;0.0
561;0.1765331050365714;0.24522370579416286;0.0
562;0.0;0.375;0.0
563;0.0;0.125;0.0
564;0.3168730718384509;0.21500614369436122;0.0
565;0.32623882297961704;0.13930205764211118;0.0
566;0.19815490358745785;0.19351428406674004;0.0
567;0.125;0.0;0.0
568;0.20595862978027032;0.08324294809404897;0.0
569;0.0806808860971491;0.2835210506979863;0.0
570;0.07977467543367048;0.17034894969792228;0.0
571;0.30057087584491843;0.15965106028019735;0.0
572;0.333518369453234;0.17484747164352532;0.0
573;0.2270066911741085;0.12748791571938745;0.0
574;0.12290596122142824;0.266650202182248;0.0
575;0.12285389898251124;0.19053294697504317;0.0
576;0.23942847714392224;0.15359965626401498;0.0
577;0.18940361088689295;0.1477692609232637;0.0
578;0.19604722130207458;0.11508690762368845;0.0
579;0.12610902480556246;0.1178864232146121;0.0
580;0.16142148733639206;0.12506467753752157;0.0
581;0.13699712154470536;0.15477048339339125;0.0
582;0.1537645613962926;0.07228530456552196;0.0
583;0.10349917071130003;0.1446099061173891;0.0
584;0.05402245383786532;0.12280897502407587;0.0
585;0.28377081295004386;0.073355347136863;0.0
586;0.1330236553538982;0.3371187631904361;0.0
587;0.1092039934894241;0.22860092856648181;0.0
588;0.26611197302245504;0.11166614164376851;0.0
589;0.2368829187655647;0.09566069231825539;0.0
590;0.23841099064558963;0.0471405637053951;0.0
591;0.30496918698848174;0.10635164783512564;0.0
592;0.337883323765437;0.06189849362292403;0.0
593;0.34116009405767095;0.10633028364776226;0.0
594;0.3129990110561003;0.07788534540142501;0.0
595;0.30406085618707096;0.03899834083778477;0.0
596;0.2711975727716047;0.04276023515599396;0.0
597;0.11333976857236493;0.30398430814605903;0.0
598;0.14894780943194103;0.3052449025970613;0.0
599;0.1923383500125393;0.3110291183019463;0.0
600;0.06606306189513209;0.35448349681101327;0.0
601;0.21488940010572483;0.34989083540582405;0.0
602;0.09702504374477088;0.3360901915810363;0.0
603;0.11325125197617389;0.398660488166107;0.0
604;0.09606391082561958;0.3697285404768075;0.0
605;0.0;0.4375;0.0
606;0.05497203185982825;0.41345161016910437;0.0
607;0.1875;0.0;0.0
608;0.2543415823373121;0.07192640137147746;0.0
609;0.28125;0.0;0.0
610;0.2430932328122714;0.33951381093342814;0.0
611;0.23502807424832003;0.39580548667381377;0.0
612;0.27879677699887256;0.40097546417049323;0.0
613;0.282902553802841;0.4309670231261531;0.0
614;0.2591016400864042;0.37985672413573296;0.0
615;0.18699629686564226;0.043779713038702595;0.0
616;0.1484936440739002;0.03251695861236574;0.0
617;0.21875;0.0;0.0
618;0.08543560702422578;0.06110818178707908;0.0
619;0.15625;0.0;0.0
620;0.0625;0.0;0.0
621;0.12129163556022209;0.056355805056470296;0.0
622;0.10729655112882229;0.08840540789308018;0.0
623;0.09375;0.0;0.0
624;0.07288212600594568;0.0935638847413505;0.0
625;0.09981321714910112;0.03194468267466907;0.0
626;0.0;0.0625;0.0
627;0.042741361430212475;0.06325017416388341;0.0
628;0.0;0.09375;0.0
629;0.0;0.03125;0.0
630;0.06271375543846106;0.03477804939632061;0.0
631;0.03125;0.0;0.0
632;0.19944003726447412;0.4382233740820002;0.0
633;0.21345223387303652;0.37789504072114666;0.0
634;0.21372965167156407;0.02976414707524145;0.0
635;0.03372045343025916;0.09580661538920418;0.0
636;0.031445137639279655;0.03144513763927965;0.0
637;0.2280033737919782;0.4260497433545521;0.0
638;0.46875;0.9602409433171595;0.0
639;0.4576028751650208;0.9272042368852618;0.0
640;0.4993205417681776;0.968373508344505;0.0
641;0.46875;1.0;0.0
642;0.43581750664190577;0.9665170511409629;0.0
643;0.4894129536037123;0.922684644414368;0.0
644;0.5297278718876663;0.9696057999985864;0.0
645;0.29034670309985877;0.7234536447046244;0.0
646;0.31766163961060095;0.7342948762434546;0.0
647;0.28350821158791595;0.7569939224059508;0.0
648;0.25657622866250174;0.8022596498119413;0.0
649;0.2949600611162759;0.7957204779935487;0.0
650;0.0;0.75;0.0
651;0.30173003942824606;0.6658068309208025;0.0
652;0.30903174698748886;0.697195999147861;0.0
653;0.33948663751805047;0.6735677810736652;0.0
654;0.3279912603645977;0.6337697947269091;0.0
655;0.3287761401741075;0.6003897120822702;0.0
656;0.30633930554555244;0.5750610215542135;0.0
657;0.2741393643682567;0.5826007794809362;0.0
658;0.2309961785702172;0.6430843105049189;0.0
659;0.23731424114594823;0.6019621304127547;0.0
660;0.3346935487612173;0.5625855634383921;0.0
661;0.26465854629225494;0.6272097907702294;0.0
662;0.0;0.625;0.0
663;0.13481097064592384;0.552091117675936;0.0
664;0.19069081910686062;0.5675139439390757;0.0
665;0.22062449389761876;0.5757756318002716;0.0
666;0.1909851985642559;0.615890526566195;0.0
667;0.24339483717092134;0.6960272703014381;0.0
668;0.2763621485099767;0.6882517177498294;0.0
669;0.2594751609732098;0.659846536620468;0.0
670;0.15388451971425918;0.5919271033083275;0.0
671;0.10897943140542816;0.7021518505965781;0.0
672;0.07612760425628537;0.6046730495086408;0.0
673;0.14183834412077792;0.651278986778508;0.0
674;0.11314536761103312;0.5869488708661851;0.0
675;0.15948264354806327;0.6239617091282885;0.0
676;0.10961232293441045;0.6270886854527838;0.0
677;0.06458531592397078;0.5330477076614378;0.0
678;0.10664835958395519;0.6645979456052922;0.0
679;0.08091761589385799;0.5671584683076797;0.0
680;0.0;0.6875;0.0
681;0.0;0.5625;0.0
682;0.10137115106487124;0.5363999258692831;0.0
683;0.08879277595967999;0.47091746906215753;0.0
684;0.08564392581133722;0.5054716285047772;0.0
685;0.043317612580680426;0.49497772468946155;0.0
686;0.14382051521078387;0.4933525886955114;0.0
687;0.12893769951300385;0.5211300284282837;0.0
688;0.172949034953907;0.5268350327376703;0.0
689;0.05559345893781204;0.6866163609578873;0.0
690;0.04041525612647369;0.5655857294751175;0.0
691;0.0;0.46875;0.0
692;0.0;0.53125;0.0
693;0.0;0.59375;0.0
694;0.03660551187491647;0.609375;0.0
695;0.03246333558323945;0.5260170069646781;0.0
696;0.06081071889129556;0.6443792744604885;0.0
697;0.07780536356415547;0.66791927686435;0.0
698;0.0;0.65625;0.0
699;0.028551071475660685;0.6408155898374733;0.0
700;0.2600736204777738;0.721376660478013;0.0
701;0.18791194996867175;0.6634438164649772;0.0
702;0.05099278370835329;0.4544788394448479;0.0
703;0.030234660690380333;0.43175891128859323;0.0
704;0.18907849478255867;0.48339138065647325;0.0
705;0.21634357804238605;0.5321172720477443;0.0
706;0.25977096006311856;0.5174598742248971;0.0
707;0.21914979270998625;0.6737818983189722;0.0
708;0.1899324969714517;0.7299605054004631;0.0
709;0.1942887400363711;0.6965391447162343;0.0
710;0.152206685436568;0.7080486235474345;0.0
711;0.1156895741476605;0.8143526546233901;0.0
712;0.13373179649183092;0.6820912066996572;0.0
713;0.12343295891799314;0.7575885120461489;0.0
714;0.12762005210547298;0.726894343833184;0.0
715;0.2251965276297679;0.4679043863966059;0.0
716;0.26151303364848927;0.47940556048269956;0.0
717;0.21738388155346086;0.4995439820566061;0.0
718;0.2719649939676316;0.5442465745433975;0.0
719;0.28125;1.0;0.0
720;0.125;1.0;0.0
721;0.3873741472406794;0.705150359047394;0.0
722;0.9375;0.0;0.0
723;0.36073924740588015;0.13866987181151574;0.0
724;0.0;0.1875;0.0
725;0.0;0.15625;0.0
726;0.03837174524240025;0.17187500000000003;0.0
727;0.028316864591332702;0.14163868574794697;0.0
728;0.058339844435450296;0.15121518820434868;0.0
729;0.06074695007147256;0.21652183404397246;0.0
730;0.029241121974445283;0.20438109785801817;0.0
731;0.09018873079870787;0.2016476349870677;0.0
732;0.07872449152187877;0.2476380972154969;0.0
733;0.0;0.3125;0.0
734;0.03938611306869224;0.2496145689310944;0.0
735;0.0;0.28125;0.0
736;0.039932585213696525;0.296875;0.0
737;0.06630910732330698;0.3196414204916124;0.0
738;0.03092058549674069;0.33681342312457246;0.0
739;0.3682780203340159;0.07608475278864815;0.0
740;0.3612524384238444;0.0338339702491851;0.0
741;0.34375;0.0;0.0
742;0.33186007662821193;0.0275947248166372;0.0
743;0.037667581321635495;0.3796698129002158;0.0
744;0.15536813278769623;0.4205714663060481;0.0
745;0.14808235081278315;0.38314242549023125;0.0
746;0.1837395359091029;0.4135795613156732;0.0
747;0.16730058314836999;0.45462305445902035;0.0
748;0.12543311024627707;0.45017787349231403;0.0
749;0.09052066883325006;0.43123434769913566;0.0
750;0.12496219486075825;0.3652318231702435;0.0
751;0.22742231814123298;0.8732905089092734;0.0
752;0.3659752976996403;0.6222645708658661;0.0
753;0.0;0.71875;0.0
754;0.04611495446398288;0.734375;0.0
755;0.02990978020031876;0.7063389070810989;0.0
756;0.0761376907043249;0.7155136127535454;0.0
757;0.08140090184198036;0.7572165002238108;0.0
758;0.09909441210215328;0.7337998773729248;0.0
759;0.10218506292961828;0.7836002378272302;0.0
760;0.0;0.875;0.0
761;0.0;0.8125;0.0
762;0.05771598183723685;0.8214696089797114;0.0
763;0.042116695053914285;0.7792275039304497;0.0
764;0.07134866066405621;0.792433966490192;0.0
765;0.03031871230211783;0.8075856245445526;0.0
766;0.0;0.84375;0.0
767;0.0;0.78125;0.0
768;0.02750737421276375;0.7553207349848148;0.0
769;0.027561889569253567;0.6722834119410199;0.0
770;0.22472969303283183;0.7257020373321542;0.0
771;0.20591747521730058;0.7820908322189397;0.0
772;0.90625;0.03852557261979409;0.0
773;0.8771234775716708;0.030214539838630053;0.0
774;0.90625;0.0;0.0
775;0.9543749194264812;0.04562508057351875;0.0
776;0.8955973354537381;0.08355968150350294;0.0
777;0.9324164080772877;0.027813444483527593;0.0
778;0.96875;0.0;0.0
779;1.0;0.03125;0.0
780;0.8665577222128839;0.0829037127284366;0.0
781;0.9266177375743311;0.06712047147109458;0.0
782;0.9619756358929288;0.08410918910701687;0.0
783;0.25496778915720897;0.8430978778277751;0.0
784;0.2788905593604714;0.8682303538829024;0.0
785;0.2095899757068816;0.8293601127589727;0.0
786;0.22642977403088552;0.8042744709774302;0.0
787;0.1537273815572958;0.877620478365561;0.0
788;0.1646830522067177;0.8090717698476177;0.0
789;0.1898407463492345;0.8629612459465497;0.0
790;0.193400235455089;0.9235428104530263;0.0
791;0.16096045741453086;0.8436266521807225;0.0
792;0.18134948576218077;0.8938555043760764;0.0
793;0.14359863268320525;0.9264689194758738;0.0
794;0.13767807037186966;0.7884419565743715;0.0
795;0.1626707869063775;0.7581875338790357;0.0
796;0.19270303579338124;0.806894808356678;0.0
797;0.1875;1.0;0.0
798;0.08298279428565658;0.8884258736997428;0.0
799;0.17056946273792922;0.9602372062043525;0.0
800;0.15625;1.0;0.0
801;0.1326987999284886;0.9628296320561082;0.0
802;0.0625;1.0;0.0
803;0.09757579002943029;0.932486749803208;0.0
804;0.09375;1.0;0.0
805;0.078125;0.9652495506717096;0.0
806;0.0;0.9375;0.0
807;0.04829419573582639;0.9253842201051095;0.0
808;0.12036416605504087;0.896176919968877;0.0
809;0.10924905907569701;0.8557662605964044;0.0
810;0.07337428164901974;0.8538062586230133;0.0
811;0.04156161690202636;0.8812789217561324;0.0
812;0.1323961226279592;0.8381584124453582;0.0
813;0.0;0.90625;0.0
814;0.03125;0.96875;0.0
815;0.07486233714684574;0.9155624190001093;0.0
816;0.028074608858908303;0.905904190502566;0.0
817;0.2535842549811269;0.9205239042840526;0.0
818;0.2549408744864203;0.8889104225326862;0.0
819;0.03452595604306779;0.8472923193469301;0.0
820;0.2610662394453579;0.9606802009458969;0.0
821;0.21875;1.0;0.0
822;0.22472832920475153;0.9466755617379682;0.0
823;0.201888579878589;0.9703876989870768;0.0
824;0.22272580891989135;0.9067539102590544;0.0
825;1.0;0.78125;0.0
826;0.9602010237775996;0.796875;0.0
827;0.9294523876230772;0.792622988984247;0.0
828;0.9699790495706141;0.7648439247864023;0.0
829;0.1724748449295131;0.346340198675602;0.0
